municipio_ibge,ano,desfecho,temperatura_media_c,precipitacao_anual_mm,estacao_inmet,epidemiology_provenance,climate_provenance,territory_provenance
2600302,2021,0.15,21.707035175879398,12.4,CARUARU,"{""organization"": ""DATASUS"", ""dataset"": ""esquistossomose"", ""version"": ""2021"", ""retrieved_at"": ""2026-09-30"", ""reference_url"": ""https://datasus.saude.gov.br/informacoes-de-saude-tabnet/"", ""method"": ""município-ano; arquivo TABNET da plataforma"", ""verified"": true}","{""organization"": ""INMET"", ""dataset"": ""Dados Históricos Anuais - estações automáticas"", ""version"": ""2021"", ""retrieved_at"": ""2026-09-30"", ""reference_url"": ""https://portal.inmet.gov.br/uploads/dadoshistoricos/2021.zip"", ""method"": ""agregação anual da estação automática mais próxima ao centróide municipal; sem imputação"", ""verified"": true}","{""organization"": ""IBGE"", ""dataset"": ""Malha Municipal Digital"", ""version"": ""2025"", ""retrieved_at"": ""2026-09-30"", ""reference_url"": ""https://www.ibge.gov.br/geociencias/organizacao-do-territorio/estrutura-territorial/15774-malhas"", ""method"": ""código municipal oficial e geometria SIRGAS 2000"", ""verified"": true}"
2600401,2021,6.74,24.377565000778453,255.8,PALMARES,"{""organization"": ""DATASUS"", ""dataset"": ""esquistossomose"", ""version"": ""2021"", ""retrieved_at"": ""2026-09-30"", ""reference_url"": ""https://datasus.saude.gov.br/informacoes-de-saude-tabnet/"", ""method"": ""município-ano; arquivo TABNET da plataforma"", ""verified"": true}","{""organization"": ""INMET"", ""dataset"": ""Dados Históricos Anuais - estações automáticas"", ""version"": ""2021"", ""retrieved_at"": ""2026-09-30"", ""reference_url"": ""https://portal.inmet.gov.br/uploads/dadoshistoricos/2021.zip"", ""method"": ""agregação anual da estação automática mais próxima ao centróide municipal; sem imputação"", ""verified"": true}","{""organization"": ""IBGE"", ""dataset"": ""Malha Municipal Digital"", ""version"": ""2025"", ""retrieved_at"": ""2026-09-30"", ""reference_url"": ""https://www.ibge.gov.br/geociencias/organizacao-do-territorio/estrutura-territorial/15774-malhas"", ""method"": ""código municipal oficial e geometria SIRGAS 2000"", ""verified"": true}"
2600708,2021,1.4,25.736551450139057,2233.4,RECIFE,"{""organization"": ""DATASUS"", ""dataset"": ""esquistossomose"", ""version"": ""2021"", ""retrieved_at"": ""2026-09-30"", ""reference_url"": ""https://datasus.saude.gov.br/informacoes-de-saude-tabnet/"", ""method"": ""município-ano; arquivo TABNET da plataforma"", ""verified"": true}","{""organization"": ""INMET"", ""dataset"": ""Dados Históricos Anuais - estações automáticas"", ""version"": ""2021"", ""retrieved_at"": ""2026-09-30"", ""reference_url"": ""https://portal.inmet.gov.br/uploads/dadoshistoricos/2021.zip"", ""method"": ""agregação anual da estação automática mais próxima ao centróide municipal; sem imputação"", ""verified"": true}","{""organization"": ""IBGE"", ""dataset"": ""Malha Municipal Digital"", ""version"": ""2025"", ""retrieved_at"": ""2026-09-30"", ""reference_url"": ""https://www.ibge.gov.br/geociencias/organizacao-do-territorio/estrutura-territorial/15774-malhas"", ""method"": ""código municipal oficial e geometria SIRGAS 2000"", ""verified"": true}"
2600807,2021,2.65,21.707035175879398,12.4,CARUARU,"{""organization"": ""DATASUS"", ""dataset"": ""esquistossomose"", ""version"": ""2021"", ""retrieved_at"": ""2026-09-30"", ""reference_url"": ""https://datasus.saude.gov.br/informacoes-de-saude-tabnet/"", ""method"": ""município-ano; arquivo TABNET da plataforma"", ""verified"": true}","{""organization"": ""INMET"", ""dataset"": ""Dados Históricos Anuais - estações automáticas"", ""version"": ""2021"", ""retrieved_at"": ""2026-09-30"", ""reference_url"": ""https://portal.inmet.gov.br/uploads/dadoshistoricos/2021.zip"", ""method"": ""agregação anual da estação automática mais próxima ao centróide municipal; sem imputação"", ""verified"": true}","{""organization"": ""IBGE"", ""dataset"": ""Malha Municipal Digital"", ""version"": ""2025"", ""retrieved_at"": ""2026-09-30"", ""reference_url"": ""https://www.ibge.gov.br/geociencias/organizacao-do-territorio/estrutura-territorial/15774-malhas"", ""method"": ""código municipal oficial e geometria SIRGAS 2000"", ""verified"": true}"
2601508,2021,5.13,24.377565000778453,255.8,PALMARES,"{""organization"": ""DATASUS"", ""dataset"": ""esquistossomose"", ""version"": ""2021"", ""retrieved_at"": ""2026-09-30"", ""reference_url"": ""https://datasus.saude.gov.br/informacoes-de-saude-tabnet/"", ""method"": ""município-ano; arquivo TABNET da plataforma"", ""verified"": true}","{""organization"": ""INMET"", ""dataset"": ""Dados Históricos Anuais - estações automáticas"", ""version"": ""2021"", ""retrieved_at"": ""2026-09-30"", ""reference_url"": ""https://portal.inmet.gov.br/uploads/dadoshistoricos/2021.zip"", ""method"": ""agregação anual da estação automática mais próxima ao centróide municipal; sem imputação"", ""verified"": true}","{""organization"": ""IBGE"", ""dataset"": ""Malha Municipal Digital"", ""version"": ""2025"", ""retrieved_at"": ""2026-09-30"", ""reference_url"": ""https://www.ibge.gov.br/geociencias/organizacao-do-territorio/estrutura-territorial/15774-malhas"", ""method"": ""código municipal oficial e geometria SIRGAS 2000"", ""verified"": true}"
2601706,2021,0.17,21.707035175879398,12.4,CARUARU,"{""organization"": ""DATASUS"", ""dataset"": ""esquistossomose"", ""version"": ""2021"", ""retrieved_at"": ""2026-09-30"", ""reference_url"": ""https://datasus.saude.gov.br/informacoes-de-saude-tabnet/"", ""method"": ""município-ano; arquivo TABNET da plataforma"", ""verified"": true}","{""organization"": ""INMET"", ""dataset"": ""Dados Históricos Anuais - estações automáticas"", ""version"": ""2021"", ""retrieved_at"": ""2026-09-30"", ""reference_url"": ""https://portal.inmet.gov.br/uploads/dadoshistoricos/2021.zip"", ""method"": ""agregação anual da estação automática mais próxima ao centróide municipal; sem imputação"", ""verified"": true}","{""organization"": ""IBGE"", ""dataset"": ""Malha Municipal Digital"", ""version"": ""2025"", ""retrieved_at"": ""2026-09-30"", ""reference_url"": ""https://www.ibge.gov.br/geociencias/organizacao-do-territorio/estrutura-territorial/15774-malhas"", ""method"": ""código municipal oficial e geometria SIRGAS 2000"", ""verified"": true}"
2601904,2021,3.28,21.707035175879398,12.4,CARUARU,"{""organization"": ""DATASUS"", ""dataset"": ""esquistossomose"", ""version"": ""2021"", ""retrieved_at"": ""2026-09-30"", ""reference_url"": ""https://datasus.saude.gov.br/informacoes-de-saude-tabnet/"", ""method"": ""município-ano; arquivo TABNET da plataforma"", ""verified"": true}","{""organization"": ""INMET"", ""dataset"": ""Dados Históricos Anuais - estações automáticas"", ""version"": ""2021"", ""retrieved_at"": ""2026-09-30"", ""reference_url"": ""https://portal.inmet.gov.br/uploads/dadoshistoricos/2021.zip"", ""method"": ""agregação anual da estação automática mais próxima ao centróide municipal; sem imputação"", ""verified"": true}","{""organization"": ""IBGE"", ""dataset"": ""Malha Municipal Digital"", ""version"": ""2025"", ""retrieved_at"": ""2026-09-30"", ""reference_url"": ""https://www.ibge.gov.br/geociencias/organizacao-do-territorio/estrutura-territorial/15774-malhas"", ""method"": ""código municipal oficial e geometria SIRGAS 2000"", ""verified"": true}"
2602100,2021,6.09,21.00536997126437,818.8,GARANHUNS,"{""organization"": ""DATASUS"", ""dataset"": ""esquistossomose"", ""version"": ""2021"", ""retrieved_at"": ""2026-09-30"", ""reference_url"": ""https://datasus.saude.gov.br/informacoes-de-saude-tabnet/"", ""method"": ""município-ano; arquivo TABNET da plataforma"", ""verified"": true}","{""organization"": ""INMET"", ""dataset"": ""Dados Históricos Anuais - estações automáticas"", ""version"": ""2021"", ""retrieved_at"": ""2026-09-30"", ""reference_url"": ""https://portal.inmet.gov.br/uploads/dadoshistoricos/2021.zip"", ""method"": ""agregação anual da estação automática mais próxima ao centróide municipal; sem imputação"", ""verified"": true}","{""organization"": ""IBGE"", ""dataset"": ""Malha Municipal Digital"", ""version"": ""2025"", ""retrieved_at"": ""2026-09-30"", ""reference_url"": ""https://www.ibge.gov.br/geociencias/organizacao-do-territorio/estrutura-territorial/15774-malhas"", ""method"": ""código municipal oficial e geometria SIRGAS 2000"", ""verified"": true}"
2602209,2021,0.1,27.41503410641201,147.20000000000002,SURUBIM,"{""organization"": ""DATASUS"", ""dataset"": ""esquistossomose"", ""version"": ""2021"", ""retrieved_at"": ""2026-09-30"", ""reference_url"": ""https://datasus.saude.gov.br/informacoes-de-saude-tabnet/"", ""method"": ""município-ano; arquivo TABNET da plataforma"", ""verified"": true}","{""organization"": ""INMET"", ""dataset"": ""Dados Históricos Anuais - estações automáticas"", ""version"": ""2021"", ""retrieved_at"": ""2026-09-30"", ""reference_url"": ""https://portal.inmet.gov.br/uploads/dadoshistoricos/2021.zip"", ""method"": ""agregação anual da estação automática mais próxima ao centróide municipal; sem imputação"", ""verified"": true}","{""organization"": ""IBGE"", ""dataset"": ""Malha Municipal Digital"", ""version"": ""2025"", ""retrieved_at"": ""2026-09-30"", ""reference_url"": ""https://www.ibge.gov.br/geociencias/organizacao-do-territorio/estrutura-territorial/15774-malhas"", ""method"": ""código municipal oficial e geometria SIRGAS 2000"", ""verified"": true}"
2602605,2021,0.15,21.707035175879398,12.4,CARUARU,"{""organization"": ""DATASUS"", ""dataset"": ""esquistossomose"", ""version"": ""2021"", ""retrieved_at"": ""2026-09-30"", ""reference_url"": ""https://datasus.saude.gov.br/informacoes-de-saude-tabnet/"", ""method"": ""município-ano; arquivo TABNET da plataforma"", ""verified"": true}","{""organization"": ""INMET"", ""dataset"": ""Dados Históricos Anuais - estações automáticas"", ""version"": ""2021"", ""retrieved_at"": ""2026-09-30"", ""reference_url"": ""https://portal.inmet.gov.br/uploads/dadoshistoricos/2021.zip"", ""method"": ""agregação anual da estação automática mais próxima ao centróide municipal; sem imputação"", ""verified"": true}","{""organization"": ""IBGE"", ""dataset"": ""Malha Municipal Digital"", ""version"": ""2025"", ""retrieved_at"": ""2026-09-30"", ""reference_url"": ""https://www.ibge.gov.br/geociencias/organizacao-do-territorio/estrutura-territorial/15774-malhas"", ""method"": ""código municipal oficial e geometria SIRGAS 2000"", ""verified"": true}"
2602902,2021,6.47,25.736551450139057,2233.4,RECIFE,"{""organization"": ""DATASUS"", ""dataset"": ""esquistossomose"", ""version"": ""2021"", ""retrieved_at"": ""2026-09-30"", ""reference_url"": ""https://datasus.saude.gov.br/informacoes-de-saude-tabnet/"", ""method"": ""município-ano; arquivo TABNET da plataforma"", ""verified"": true}","{""organization"": ""INMET"", ""dataset"": ""Dados Históricos Anuais - estações automáticas"", ""version"": ""2021"", ""retrieved_at"": ""2026-09-30"", ""reference_url"": ""https://portal.inmet.gov.br/uploads/dadoshistoricos/2021.zip"", ""method"": ""agregação anual da estação automática mais próxima ao centróide municipal; sem imputação"", ""verified"": true}","{""organization"": ""IBGE"", ""dataset"": ""Malha Municipal Digital"", ""version"": ""2025"", ""retrieved_at"": ""2026-09-30"", ""reference_url"": ""https://www.ibge.gov.br/geociencias/organizacao-do-territorio/estrutura-territorial/15774-malhas"", ""method"": ""código municipal oficial e geometria SIRGAS 2000"", ""verified"": true}"
2603454,2021,2.07,25.736551450139057,2233.4,RECIFE,"{""organization"": ""DATASUS"", ""dataset"": ""esquistossomose"", ""version"": ""2021"", ""retrieved_at"": ""2026-09-30"", ""reference_url"": ""https://datasus.saude.gov.br/informacoes-de-saude-tabnet/"", ""method"": ""município-ano; arquivo TABNET da plataforma"", ""verified"": true}","{""organization"": ""INMET"", ""dataset"": ""Dados Históricos Anuais - estações automáticas"", ""version"": ""2021"", ""retrieved_at"": ""2026-09-30"", ""reference_url"": ""https://portal.inmet.gov.br/uploads/dadoshistoricos/2021.zip"", ""method"": ""agregação anual da estação automática mais próxima ao centróide municipal; sem imputação"", ""verified"": true}","{""organization"": ""IBGE"", ""dataset"": ""Malha Municipal Digital"", ""version"": ""2025"", ""retrieved_at"": ""2026-09-30"", ""reference_url"": ""https://www.ibge.gov.br/geociencias/organizacao-do-territorio/estrutura-territorial/15774-malhas"", ""method"": ""código municipal oficial e geometria SIRGAS 2000"", ""verified"": true}"
2603504,2021,2.86,21.707035175879398,12.4,CARUARU,"{""organization"": ""DATASUS"", ""dataset"": ""esquistossomose"", ""version"": ""2021"", ""retrieved_at"": ""2026-09-30"", ""reference_url"": ""https://datasus.saude.gov.br/informacoes-de-saude-tabnet/"", ""method"": ""município-ano; arquivo TABNET da plataforma"", ""verified"": true}","{""organization"": ""INMET"", ""dataset"": ""Dados Históricos Anuais - estações automáticas"", ""version"": ""2021"", ""retrieved_at"": ""2026-09-30"", ""reference_url"": ""https://portal.inmet.gov.br/uploads/dadoshistoricos/2021.zip"", ""method"": ""agregação anual da estação automática mais próxima ao centróide municipal; sem imputação"", ""verified"": true}","{""organization"": ""IBGE"", ""dataset"": ""Malha Municipal Digital"", ""version"": ""2025"", ""retrieved_at"": ""2026-09-30"", ""reference_url"": ""https://www.ibge.gov.br/geociencias/organizacao-do-territorio/estrutura-territorial/15774-malhas"", ""method"": ""código municipal oficial e geometria SIRGAS 2000"", ""verified"": true}"
2603702,2021,6.63,21.00536997126437,818.8,GARANHUNS,"{""organization"": ""DATASUS"", ""dataset"": ""esquistossomose"", ""version"": ""2021"", ""retrieved_at"": ""2026-09-30"", ""reference_url"": ""https://datasus.saude.gov.br/informacoes-de-saude-tabnet/"", ""method"": ""município-ano; arquivo TABNET da plataforma"", ""verified"": true}","{""organization"": ""INMET"", ""dataset"": ""Dados Históricos Anuais - estações automáticas"", ""version"": ""2021"", ""retrieved_at"": ""2026-09-30"", ""reference_url"": ""https://portal.inmet.gov.br/uploads/dadoshistoricos/2021.zip"", ""method"": ""agregação anual da estação automática mais próxima ao centróide municipal; sem imputação"", ""verified"": true}","{""organization"": ""IBGE"", ""dataset"": ""Malha Municipal Digital"", ""version"": ""2025"", ""retrieved_at"": ""2026-09-30"", ""reference_url"": ""https://www.ibge.gov.br/geociencias/organizacao-do-territorio/estrutura-territorial/15774-malhas"", ""method"": ""código municipal oficial e geometria SIRGAS 2000"", ""verified"": true}"
2604007,2021,0.57,25.736551450139057,2233.4,RECIFE,"{""organization"": ""DATASUS"", ""dataset"": ""esquistossomose"", ""version"": ""2021"", ""retrieved_at"": ""2026-09-30"", ""reference_url"": ""https://datasus.saude.gov.br/informacoes-de-saude-tabnet/"", ""method"": ""município-ano; arquivo TABNET da plataforma"", ""verified"": true}","{""organization"": ""INMET"", ""dataset"": ""Dados Históricos Anuais - estações automáticas"", ""version"": ""2021"", ""retrieved_at"": ""2026-09-30"", ""reference_url"": ""https://portal.inmet.gov.br/uploads/dadoshistoricos/2021.zip"", ""method"": ""agregação anual da estação automática mais próxima ao centróide municipal; sem imputação"", ""verified"": true}","{""organization"": ""IBGE"", ""dataset"": ""Malha Municipal Digital"", ""version"": ""2025"", ""retrieved_at"": ""2026-09-30"", ""reference_url"": ""https://www.ibge.gov.br/geociencias/organizacao-do-territorio/estrutura-territorial/15774-malhas"", ""method"": ""código municipal oficial e geometria SIRGAS 2000"", ""verified"": true}"
2604106,2021,0.4,21.707035175879398,12.4,CARUARU,"{""organization"": ""DATASUS"", ""dataset"": ""esquistossomose"", ""version"": ""2021"", ""retrieved_at"": ""2026-09-30"", ""reference_url"": ""https://datasus.saude.gov.br/informacoes-de-saude-tabnet/"", ""method"": ""município-ano; arquivo TABNET da plataforma"", ""verified"": true}","{""organization"": ""INMET"", ""dataset"": ""Dados Históricos Anuais - estações automáticas"", ""version"": ""2021"", ""retrieved_at"": ""2026-09-30"", ""reference_url"": ""https://portal.inmet.gov.br/uploads/dadoshistoricos/2021.zip"", ""method"": ""agregação anual da estação automática mais próxima ao centróide municipal; sem imputação"", ""verified"": true}","{""organization"": ""IBGE"", ""dataset"": ""Malha Municipal Digital"", ""version"": ""2025"", ""retrieved_at"": ""2026-09-30"", ""reference_url"": ""https://www.ibge.gov.br/geociencias/organizacao-do-territorio/estrutura-territorial/15774-malhas"", ""method"": ""código municipal oficial e geometria SIRGAS 2000"", ""verified"": true}"
2604205,2021,4.4,24.377565000778453,255.8,PALMARES,"{""organization"": ""DATASUS"", ""dataset"": ""esquistossomose"", ""version"": ""2021"", ""retrieved_at"": ""2026-09-30"", ""reference_url"": ""https://datasus.saude.gov.br/informacoes-de-saude-tabnet/"", ""method"": ""município-ano; arquivo TABNET da plataforma"", ""verified"": true}","{""organization"": ""INMET"", ""dataset"": ""Dados Históricos Anuais - estações automáticas"", ""version"": ""2021"", ""retrieved_at"": ""2026-09-30"", ""reference_url"": ""https://portal.inmet.gov.br/uploads/dadoshistoricos/2021.zip"", ""method"": ""agregação anual da estação automática mais próxima ao centróide municipal; sem imputação"", ""verified"": true}","{""organization"": ""IBGE"", ""dataset"": ""Malha Municipal Digital"", ""version"": ""2025"", ""retrieved_at"": ""2026-09-30"", ""reference_url"": ""https://www.ibge.gov.br/geociencias/organizacao-do-territorio/estrutura-territorial/15774-malhas"", ""method"": ""código municipal oficial e geometria SIRGAS 2000"", ""verified"": true}"
2604403,2021,1.08,25.736551450139057,2233.4,RECIFE,"{""organization"": ""DATASUS"", ""dataset"": ""esquistossomose"", ""version"": ""2021"", ""retrieved_at"": ""2026-09-30"", ""reference_url"": ""https://datasus.saude.gov.br/informacoes-de-saude-tabnet/"", ""method"": ""município-ano; arquivo TABNET da plataforma"", ""verified"": true}","{""organization"": ""INMET"", ""dataset"": ""Dados Históricos Anuais - estações automáticas"", ""version"": ""2021"", ""retrieved_at"": ""2026-09-30"", ""reference_url"": ""https://portal.inmet.gov.br/uploads/dadoshistoricos/2021.zip"", ""method"": ""agregação anual da estação automática mais próxima ao centróide municipal; sem imputação"", ""verified"": true}","{""organization"": ""IBGE"", ""dataset"": ""Malha Municipal Digital"", ""version"": ""2025"", ""retrieved_at"": ""2026-09-30"", ""reference_url"": ""https://www.ibge.gov.br/geociencias/organizacao-do-territorio/estrutura-territorial/15774-malhas"", ""method"": ""código municipal oficial e geometria SIRGAS 2000"", ""verified"": true}"
2604502,2021,5.88,24.377565000778453,255.8,PALMARES,"{""organization"": ""DATASUS"", ""dataset"": ""esquistossomose"", ""version"": ""2021"", ""retrieved_at"": ""2026-09-30"", ""reference_url"": ""https://datasus.saude.gov.br/informacoes-de-saude-tabnet/"", ""method"": ""município-ano; arquivo TABNET da plataforma"", ""verified"": true}","{""organization"": ""INMET"", ""dataset"": ""Dados Históricos Anuais - estações automáticas"", ""version"": ""2021"", ""retrieved_at"": ""2026-09-30"", ""reference_url"": ""https://portal.inmet.gov.br/uploads/dadoshistoricos/2021.zip"", ""method"": ""agregação anual da estação automática mais próxima ao centróide municipal; sem imputação"", ""verified"": true}","{""organization"": ""IBGE"", ""dataset"": ""Malha Municipal Digital"", ""version"": ""2025"", ""retrieved_at"": ""2026-09-30"", ""reference_url"": ""https://www.ibge.gov.br/geociencias/organizacao-do-territorio/estrutura-territorial/15774-malhas"", ""method"": ""código municipal oficial e geometria SIRGAS 2000"", ""verified"": true}"
2604601,2021,4.62,25.736551450139057,2233.4,RECIFE,"{""organization"": ""DATASUS"", ""dataset"": ""esquistossomose"", ""version"": ""2021"", ""retrieved_at"": ""2026-09-30"", ""reference_url"": ""https://datasus.saude.gov.br/informacoes-de-saude-tabnet/"", ""method"": ""município-ano; arquivo TABNET da plataforma"", ""verified"": true}","{""organization"": ""INMET"", ""dataset"": ""Dados Históricos Anuais - estações automáticas"", ""version"": ""2021"", ""retrieved_at"": ""2026-09-30"", ""reference_url"": ""https://portal.inmet.gov.br/uploads/dadoshistoricos/2021.zip"", ""method"": ""agregação anual da estação automática mais próxima ao centróide municipal; sem imputação"", ""verified"": true}","{""organization"": ""IBGE"", ""dataset"": ""Malha Municipal Digital"", ""version"": ""2025"", ""retrieved_at"": ""2026-09-30"", ""reference_url"": ""https://www.ibge.gov.br/geociencias/organizacao-do-territorio/estrutura-territorial/15774-malhas"", ""method"": ""código municipal oficial e geometria SIRGAS 2000"", ""verified"": true}"
2604700,2021,3.26,21.00536997126437,818.8,GARANHUNS,"{""organization"": ""DATASUS"", ""dataset"": ""esquistossomose"", ""version"": ""2021"", ""retrieved_at"": ""2026-09-30"", ""reference_url"": ""https://datasus.saude.gov.br/informacoes-de-saude-tabnet/"", ""method"": ""município-ano; arquivo TABNET da plataforma"", ""verified"": true}","{""organization"": ""INMET"", ""dataset"": ""Dados Históricos Anuais - estações automáticas"", ""version"": ""2021"", ""retrieved_at"": ""2026-09-30"", ""reference_url"": ""https://portal.inmet.gov.br/uploads/dadoshistoricos/2021.zip"", ""method"": ""agregação anual da estação automática mais próxima ao centróide municipal; sem imputação"", ""verified"": true}","{""organization"": ""IBGE"", ""dataset"": ""Malha Municipal Digital"", ""version"": ""2025"", ""retrieved_at"": ""2026-09-30"", ""reference_url"": ""https://www.ibge.gov.br/geociencias/organizacao-do-territorio/estrutura-territorial/15774-malhas"", ""method"": ""código municipal oficial e geometria SIRGAS 2000"", ""verified"": true}"
2604809,2021,1.94,24.377565000778453,255.8,PALMARES,"{""organization"": ""DATASUS"", ""dataset"": ""esquistossomose"", ""version"": ""2021"", ""retrieved_at"": ""2026-09-30"", ""reference_url"": ""https://datasus.saude.gov.br/informacoes-de-saude-tabnet/"", ""method"": ""município-ano; arquivo TABNET da plataforma"", ""verified"": true}","{""organization"": ""INMET"", ""dataset"": ""Dados Históricos Anuais - estações automáticas"", ""version"": ""2021"", ""retrieved_at"": ""2026-09-30"", ""reference_url"": ""https://portal.inmet.gov.br/uploads/dadoshistoricos/2021.zip"", ""method"": ""agregação anual da estação automática mais próxima ao centróide municipal; sem imputação"", ""verified"": true}","{""organization"": ""IBGE"", ""dataset"": ""Malha Municipal Digital"", ""version"": ""2025"", ""retrieved_at"": ""2026-09-30"", ""reference_url"": ""https://www.ibge.gov.br/geociencias/organizacao-do-territorio/estrutura-territorial/15774-malhas"", ""method"": ""código municipal oficial e geometria SIRGAS 2000"", ""verified"": true}"
2605004,2021,2.4,21.707035175879398,12.4,CARUARU,"{""organization"": ""DATASUS"", ""dataset"": ""esquistossomose"", ""version"": ""2021"", ""retrieved_at"": ""2026-09-30"", ""reference_url"": ""https://datasus.saude.gov.br/informacoes-de-saude-tabnet/"", ""method"": ""município-ano; arquivo TABNET da plataforma"", ""verified"": true}","{""organization"": ""INMET"", ""dataset"": ""Dados Históricos Anuais - estações automáticas"", ""version"": ""2021"", ""retrieved_at"": ""2026-09-30"", ""reference_url"": ""https://portal.inmet.gov.br/uploads/dadoshistoricos/2021.zip"", ""method"": ""agregação anual da estação automática mais próxima ao centróide municipal; sem imputação"", ""verified"": true}","{""organization"": ""IBGE"", ""dataset"": ""Malha Municipal Digital"", ""version"": ""2025"", ""retrieved_at"": ""2026-09-30"", ""reference_url"": ""https://www.ibge.gov.br/geociencias/organizacao-do-territorio/estrutura-territorial/15774-malhas"", ""method"": ""código municipal oficial e geometria SIRGAS 2000"", ""verified"": true}"
2605202,2021,5.48,24.377565000778453,255.8,PALMARES,"{""organization"": ""DATASUS"", ""dataset"": ""esquistossomose"", ""version"": ""2021"", ""retrieved_at"": ""2026-09-30"", ""reference_url"": ""https://datasus.saude.gov.br/informacoes-de-saude-tabnet/"", ""method"": ""município-ano; arquivo TABNET da plataforma"", ""verified"": true}","{""organization"": ""INMET"", ""dataset"": ""Dados Históricos Anuais - estações automáticas"", ""version"": ""2021"", ""retrieved_at"": ""2026-09-30"", ""reference_url"": ""https://portal.inmet.gov.br/uploads/dadoshistoricos/2021.zip"", ""method"": ""agregação anual da estação automática mais próxima ao centróide municipal; sem imputação"", ""verified"": true}","{""organization"": ""IBGE"", ""dataset"": ""Malha Municipal Digital"", ""version"": ""2025"", ""retrieved_at"": ""2026-09-30"", ""reference_url"": ""https://www.ibge.gov.br/geociencias/organizacao-do-territorio/estrutura-territorial/15774-malhas"", ""method"": ""código municipal oficial e geometria SIRGAS 2000"", ""verified"": true}"
2605509,2021,1.72,25.736551450139057,2233.4,RECIFE,"{""organization"": ""DATASUS"", ""dataset"": ""esquistossomose"", ""version"": ""2021"", ""retrieved_at"": ""2026-09-30"", ""reference_url"": ""https://datasus.saude.gov.br/informacoes-de-saude-tabnet/"", ""method"": ""município-ano; arquivo TABNET da plataforma"", ""verified"": true}","{""organization"": ""INMET"", ""dataset"": ""Dados Históricos Anuais - estações automáticas"", ""version"": ""2021"", ""retrieved_at"": ""2026-09-30"", ""reference_url"": ""https://portal.inmet.gov.br/uploads/dadoshistoricos/2021.zip"", ""method"": ""agregação anual da estação automática mais próxima ao centróide municipal; sem imputação"", ""verified"": true}","{""organization"": ""IBGE"", ""dataset"": ""Malha Municipal Digital"", ""version"": ""2025"", ""retrieved_at"": ""2026-09-30"", ""reference_url"": ""https://www.ibge.gov.br/geociencias/organizacao-do-territorio/estrutura-territorial/15774-malhas"", ""method"": ""código municipal oficial e geometria SIRGAS 2000"", ""verified"": true}"
2606002,2021,3.93,21.00536997126437,818.8,GARANHUNS,"{""organization"": ""DATASUS"", ""dataset"": ""esquistossomose"", ""version"": ""2021"", ""retrieved_at"": ""2026-09-30"", ""reference_url"": ""https://datasus.saude.gov.br/informacoes-de-saude-tabnet/"", ""method"": ""município-ano; arquivo TABNET da plataforma"", ""verified"": true}","{""organization"": ""INMET"", ""dataset"": ""Dados Históricos Anuais - estações automáticas"", ""version"": ""2021"", ""retrieved_at"": ""2026-09-30"", ""reference_url"": ""https://portal.inmet.gov.br/uploads/dadoshistoricos/2021.zip"", ""method"": ""agregação anual da estação automática mais próxima ao centróide municipal; sem imputação"", ""verified"": true}","{""organization"": ""IBGE"", ""dataset"": ""Malha Municipal Digital"", ""version"": ""2025"", ""retrieved_at"": ""2026-09-30"", ""reference_url"": ""https://www.ibge.gov.br/geociencias/organizacao-do-territorio/estrutura-territorial/15774-malhas"", ""method"": ""código municipal oficial e geometria SIRGAS 2000"", ""verified"": true}"
2606101,2021,5.37,25.736551450139057,2233.4,RECIFE,"{""organization"": ""DATASUS"", ""dataset"": ""esquistossomose"", ""version"": ""2021"", ""retrieved_at"": ""2026-09-30"", ""reference_url"": ""https://datasus.saude.gov.br/informacoes-de-saude-tabnet/"", ""method"": ""município-ano; arquivo TABNET da plataforma"", ""verified"": true}","{""organization"": ""INMET"", ""dataset"": ""Dados Históricos Anuais - estações automáticas"", ""version"": ""2021"", ""retrieved_at"": ""2026-09-30"", ""reference_url"": ""https://portal.inmet.gov.br/uploads/dadoshistoricos/2021.zip"", ""method"": ""agregação anual da estação automática mais próxima ao centróide municipal; sem imputação"", ""verified"": true}","{""organization"": ""IBGE"", ""dataset"": ""Malha Municipal Digital"", ""version"": ""2025"", ""retrieved_at"": ""2026-09-30"", ""reference_url"": ""https://www.ibge.gov.br/geociencias/organizacao-do-territorio/estrutura-territorial/15774-malhas"", ""method"": ""código municipal oficial e geometria SIRGAS 2000"", ""verified"": true}"
2606200,2021,2.11,25.736551450139057,2233.4,RECIFE,"{""organization"": ""DATASUS"", ""dataset"": ""esquistossomose"", ""version"": ""2021"", ""retrieved_at"": ""2026-09-30"", ""reference_url"": ""https://datasus.saude.gov.br/informacoes-de-saude-tabnet/"", ""method"": ""município-ano; arquivo TABNET da plataforma"", ""verified"": true}","{""organization"": ""INMET"", ""dataset"": ""Dados Históricos Anuais - estações automáticas"", ""version"": ""2021"", ""retrieved_at"": ""2026-09-30"", ""reference_url"": ""https://portal.inmet.gov.br/uploads/dadoshistoricos/2021.zip"", ""method"": ""agregação anual da estação automática mais próxima ao centróide municipal; sem imputação"", ""verified"": true}","{""organization"": ""IBGE"", ""dataset"": ""Malha Municipal Digital"", ""version"": ""2025"", ""retrieved_at"": ""2026-09-30"", ""reference_url"": ""https://www.ibge.gov.br/geociencias/organizacao-do-territorio/estrutura-territorial/15774-malhas"", ""method"": ""código municipal oficial e geometria SIRGAS 2000"", ""verified"": true}"
2606408,2021,0.08,27.41503410641201,147.20000000000002,SURUBIM,"{""organization"": ""DATASUS"", ""dataset"": ""esquistossomose"", ""version"": ""2021"", ""retrieved_at"": ""2026-09-30"", ""reference_url"": ""https://datasus.saude.gov.br/informacoes-de-saude-tabnet/"", ""method"": ""município-ano; arquivo TABNET da plataforma"", ""verified"": true}","{""organization"": ""INMET"", ""dataset"": ""Dados Históricos Anuais - estações automáticas"", ""version"": ""2021"", ""retrieved_at"": ""2026-09-30"", ""reference_url"": ""https://portal.inmet.gov.br/uploads/dadoshistoricos/2021.zip"", ""method"": ""agregação anual da estação automática mais próxima ao centróide municipal; sem imputação"", ""verified"": true}","{""organization"": ""IBGE"", ""dataset"": ""Malha Municipal Digital"", ""version"": ""2025"", ""retrieved_at"": ""2026-09-30"", ""reference_url"": ""https://www.ibge.gov.br/geociencias/organizacao-do-territorio/estrutura-territorial/15774-malhas"", ""method"": ""código municipal oficial e geometria SIRGAS 2000"", ""verified"": true}"
2606507,2021,1.23,21.00536997126437,818.8,GARANHUNS,"{""organization"": ""DATASUS"", ""dataset"": ""esquistossomose"", ""version"": ""2021"", ""retrieved_at"": ""2026-09-30"", ""reference_url"": ""https://datasus.saude.gov.br/informacoes-de-saude-tabnet/"", ""method"": ""município-ano; arquivo TABNET da plataforma"", ""verified"": true}","{""organization"": ""INMET"", ""dataset"": ""Dados Históricos Anuais - estações automáticas"", ""version"": ""2021"", ""retrieved_at"": ""2026-09-30"", ""reference_url"": ""https://portal.inmet.gov.br/uploads/dadoshistoricos/2021.zip"", ""method"": ""agregação anual da estação automática mais próxima ao centróide municipal; sem imputação"", ""verified"": true}","{""organization"": ""IBGE"", ""dataset"": ""Malha Municipal Digital"", ""version"": ""2025"", ""retrieved_at"": ""2026-09-30"", ""reference_url"": ""https://www.ibge.gov.br/geociencias/organizacao-do-territorio/estrutura-territorial/15774-malhas"", ""method"": ""código municipal oficial e geometria SIRGAS 2000"", ""verified"": true}"
2607208,2021,100.0,25.736551450139057,2233.4,RECIFE,"{""organization"": ""DATASUS"", ""dataset"": ""esquistossomose"", ""version"": ""2021"", ""retrieved_at"": ""2026-09-30"", ""reference_url"": ""https://datasus.saude.gov.br/informacoes-de-saude-tabnet/"", ""method"": ""município-ano; arquivo TABNET da plataforma"", ""verified"": true}","{""organization"": ""INMET"", ""dataset"": ""Dados Históricos Anuais - estações automáticas"", ""version"": ""2021"", ""retrieved_at"": ""2026-09-30"", ""reference_url"": ""https://portal.inmet.gov.br/uploads/dadoshistoricos/2021.zip"", ""method"": ""agregação anual da estação automática mais próxima ao centróide municipal; sem imputação"", ""verified"": true}","{""organization"": ""IBGE"", ""dataset"": ""Malha Municipal Digital"", ""version"": ""2025"", ""retrieved_at"": ""2026-09-30"", ""reference_url"": ""https://www.ibge.gov.br/geociencias/organizacao-do-territorio/estrutura-territorial/15774-malhas"", ""method"": ""código municipal oficial e geometria SIRGAS 2000"", ""verified"": true}"
2607901,2021,1.52,25.736551450139057,2233.4,RECIFE,"{""organization"": ""DATASUS"", ""dataset"": ""esquistossomose"", ""version"": ""2021"", ""retrieved_at"": ""2026-09-30"", ""reference_url"": ""https://datasus.saude.gov.br/informacoes-de-saude-tabnet/"", ""method"": ""município-ano; arquivo TABNET da plataforma"", ""verified"": true}","{""organization"": ""INMET"", ""dataset"": ""Dados Históricos Anuais - estações automáticas"", ""version"": ""2021"", ""retrieved_at"": ""2026-09-30"", ""reference_url"": ""https://portal.inmet.gov.br/uploads/dadoshistoricos/2021.zip"", ""method"": ""agregação anual da estação automática mais próxima ao centróide municipal; sem imputação"", ""verified"": true}","{""organization"": ""IBGE"", ""dataset"": ""Malha Municipal Digital"", ""version"": ""2025"", ""retrieved_at"": ""2026-09-30"", ""reference_url"": ""https://www.ibge.gov.br/geociencias/organizacao-do-territorio/estrutura-territorial/15774-malhas"", ""method"": ""código municipal oficial e geometria SIRGAS 2000"", ""verified"": true}"
2607950,2021,13.39,24.377565000778453,255.8,PALMARES,"{""organization"": ""DATASUS"", ""dataset"": ""esquistossomose"", ""version"": ""2021"", ""retrieved_at"": ""2026-09-30"", ""reference_url"": ""https://datasus.saude.gov.br/informacoes-de-saude-tabnet/"", ""method"": ""município-ano; arquivo TABNET da plataforma"", ""verified"": true}","{""organization"": ""INMET"", ""dataset"": ""Dados Históricos Anuais - estações automáticas"", ""version"": ""2021"", ""retrieved_at"": ""2026-09-30"", ""reference_url"": ""https://portal.inmet.gov.br/uploads/dadoshistoricos/2021.zip"", ""method"": ""agregação anual da estação automática mais próxima ao centróide municipal; sem imputação"", ""verified"": true}","{""organization"": ""IBGE"", ""dataset"": ""Malha Municipal Digital"", ""version"": ""2025"", ""retrieved_at"": ""2026-09-30"", ""reference_url"": ""https://www.ibge.gov.br/geociencias/organizacao-do-territorio/estrutura-territorial/15774-malhas"", ""method"": ""código municipal oficial e geometria SIRGAS 2000"", ""verified"": true}"
2608107,2021,0.59,27.41503410641201,147.20000000000002,SURUBIM,"{""organization"": ""DATASUS"", ""dataset"": ""esquistossomose"", ""version"": ""2021"", ""retrieved_at"": ""2026-09-30"", ""reference_url"": ""https://datasus.saude.gov.br/informacoes-de-saude-tabnet/"", ""method"": ""município-ano; arquivo TABNET da plataforma"", ""verified"": true}","{""organization"": ""INMET"", ""dataset"": ""Dados Históricos Anuais - estações automáticas"", ""version"": ""2021"", ""retrieved_at"": ""2026-09-30"", ""reference_url"": ""https://portal.inmet.gov.br/uploads/dadoshistoricos/2021.zip"", ""method"": ""agregação anual da estação automática mais próxima ao centróide municipal; sem imputação"", ""verified"": true}","{""organization"": ""IBGE"", ""dataset"": ""Malha Municipal Digital"", ""version"": ""2025"", ""retrieved_at"": ""2026-09-30"", ""reference_url"": ""https://www.ibge.gov.br/geociencias/organizacao-do-territorio/estrutura-territorial/15774-malhas"", ""method"": ""código municipal oficial e geometria SIRGAS 2000"", ""verified"": true}"
2608404,2021,1.01,21.00536997126437,818.8,GARANHUNS,"{""organization"": ""DATASUS"", ""dataset"": ""esquistossomose"", ""version"": ""2021"", ""retrieved_at"": ""2026-09-30"", ""reference_url"": ""https://datasus.saude.gov.br/informacoes-de-saude-tabnet/"", ""method"": ""município-ano; arquivo TABNET da plataforma"", ""verified"": true}","{""organization"": ""INMET"", ""dataset"": ""Dados Históricos Anuais - estações automáticas"", ""version"": ""2021"", ""retrieved_at"": ""2026-09-30"", ""reference_url"": ""https://portal.inmet.gov.br/uploads/dadoshistoricos/2021.zip"", ""method"": ""agregação anual da estação automática mais próxima ao centróide municipal; sem imputação"", ""verified"": true}","{""organization"": ""IBGE"", ""dataset"": ""Malha Municipal Digital"", ""version"": ""2025"", ""retrieved_at"": ""2026-09-30"", ""reference_url"": ""https://www.ibge.gov.br/geociencias/organizacao-do-territorio/estrutura-territorial/15774-malhas"", ""method"": ""código municipal oficial e geometria SIRGAS 2000"", ""verified"": true}"
2608503,2021,8.75,25.736551450139057,2233.4,RECIFE,"{""organization"": ""DATASUS"", ""dataset"": ""esquistossomose"", ""version"": ""2021"", ""retrieved_at"": ""2026-09-30"", ""reference_url"": ""https://datasus.saude.gov.br/informacoes-de-saude-tabnet/"", ""method"": ""município-ano; arquivo TABNET da plataforma"", ""verified"": true}","{""organization"": ""INMET"", ""dataset"": ""Dados Históricos Anuais - estações automáticas"", ""version"": ""2021"", ""retrieved_at"": ""2026-09-30"", ""reference_url"": ""https://portal.inmet.gov.br/uploads/dadoshistoricos/2021.zip"", ""method"": ""agregação anual da estação automática mais próxima ao centróide municipal; sem imputação"", ""verified"": true}","{""organization"": ""IBGE"", ""dataset"": ""Malha Municipal Digital"", ""version"": ""2025"", ""retrieved_at"": ""2026-09-30"", ""reference_url"": ""https://www.ibge.gov.br/geociencias/organizacao-do-territorio/estrutura-territorial/15774-malhas"", ""method"": ""código municipal oficial e geometria SIRGAS 2000"", ""verified"": true}"
2608701,2021,1.39,24.377565000778453,255.8,PALMARES,"{""organization"": ""DATASUS"", ""dataset"": ""esquistossomose"", ""version"": ""2021"", ""retrieved_at"": ""2026-09-30"", ""reference_url"": ""https://datasus.saude.gov.br/informacoes-de-saude-tabnet/"", ""method"": ""município-ano; arquivo TABNET da plataforma"", ""verified"": true}","{""organization"": ""INMET"", ""dataset"": ""Dados Históricos Anuais - estações automáticas"", ""version"": ""2021"", ""retrieved_at"": ""2026-09-30"", ""reference_url"": ""https://portal.inmet.gov.br/uploads/dadoshistoricos/2021.zip"", ""method"": ""agregação anual da estação automática mais próxima ao centróide municipal; sem imputação"", ""verified"": true}","{""organization"": ""IBGE"", ""dataset"": ""Malha Municipal Digital"", ""version"": ""2025"", ""retrieved_at"": ""2026-09-30"", ""reference_url"": ""https://www.ibge.gov.br/geociencias/organizacao-do-territorio/estrutura-territorial/15774-malhas"", ""method"": ""código municipal oficial e geometria SIRGAS 2000"", ""verified"": true}"
2609006,2021,1.95,27.41503410641201,147.20000000000002,SURUBIM,"{""organization"": ""DATASUS"", ""dataset"": ""esquistossomose"", ""version"": ""2021"", ""retrieved_at"": ""2026-09-30"", ""reference_url"": ""https://datasus.saude.gov.br/informacoes-de-saude-tabnet/"", ""method"": ""município-ano; arquivo TABNET da plataforma"", ""verified"": true}","{""organization"": ""INMET"", ""dataset"": ""Dados Históricos Anuais - estações automáticas"", ""version"": ""2021"", ""retrieved_at"": ""2026-09-30"", ""reference_url"": ""https://portal.inmet.gov.br/uploads/dadoshistoricos/2021.zip"", ""method"": ""agregação anual da estação automática mais próxima ao centróide municipal; sem imputação"", ""verified"": true}","{""organization"": ""IBGE"", ""dataset"": ""Malha Municipal Digital"", ""version"": ""2025"", ""retrieved_at"": ""2026-09-30"", ""reference_url"": ""https://www.ibge.gov.br/geociencias/organizacao-do-territorio/estrutura-territorial/15774-malhas"", ""method"": ""código municipal oficial e geometria SIRGAS 2000"", ""verified"": true}"
2609402,2021,2.34,25.736551450139057,2233.4,RECIFE,"{""organization"": ""DATASUS"", ""dataset"": ""esquistossomose"", ""version"": ""2021"", ""retrieved_at"": ""2026-09-30"", ""reference_url"": ""https://datasus.saude.gov.br/informacoes-de-saude-tabnet/"", ""method"": ""município-ano; arquivo TABNET da plataforma"", ""verified"": true}","{""organization"": ""INMET"", ""dataset"": ""Dados Históricos Anuais - estações automáticas"", ""version"": ""2021"", ""retrieved_at"": ""2026-09-30"", ""reference_url"": ""https://portal.inmet.gov.br/uploads/dadoshistoricos/2021.zip"", ""method"": ""agregação anual da estação automática mais próxima ao centróide municipal; sem imputação"", ""verified"": true}","{""organization"": ""IBGE"", ""dataset"": ""Malha Municipal Digital"", ""version"": ""2025"", ""retrieved_at"": ""2026-09-30"", ""reference_url"": ""https://www.ibge.gov.br/geociencias/organizacao-do-territorio/estrutura-territorial/15774-malhas"", ""method"": ""código municipal oficial e geometria SIRGAS 2000"", ""verified"": true}"
2609501,2021,4.98,25.736551450139057,2233.4,RECIFE,"{""organization"": ""DATASUS"", ""dataset"": ""esquistossomose"", ""version"": ""2021"", ""retrieved_at"": ""2026-09-30"", ""reference_url"": ""https://datasus.saude.gov.br/informacoes-de-saude-tabnet/"", ""method"": ""município-ano; arquivo TABNET da plataforma"", ""verified"": true}","{""organization"": ""INMET"", ""dataset"": ""Dados Históricos Anuais - estações automáticas"", ""version"": ""2021"", ""retrieved_at"": ""2026-09-30"", ""reference_url"": ""https://portal.inmet.gov.br/uploads/dadoshistoricos/2021.zip"", ""method"": ""agregação anual da estação automática mais próxima ao centróide municipal; sem imputação"", ""verified"": true}","{""organization"": ""IBGE"", ""dataset"": ""Malha Municipal Digital"", ""version"": ""2025"", ""retrieved_at"": ""2026-09-30"", ""reference_url"": ""https://www.ibge.gov.br/geociencias/organizacao-do-territorio/estrutura-territorial/15774-malhas"", ""method"": ""código municipal oficial e geometria SIRGAS 2000"", ""verified"": true}"
2609709,2021,0.77,27.41503410641201,147.20000000000002,SURUBIM,"{""organization"": ""DATASUS"", ""dataset"": ""esquistossomose"", ""version"": ""2021"", ""retrieved_at"": ""2026-09-30"", ""reference_url"": ""https://datasus.saude.gov.br/informacoes-de-saude-tabnet/"", ""method"": ""município-ano; arquivo TABNET da plataforma"", ""verified"": true}","{""organization"": ""INMET"", ""dataset"": ""Dados Históricos Anuais - estações automáticas"", ""version"": ""2021"", ""retrieved_at"": ""2026-09-30"", ""reference_url"": ""https://portal.inmet.gov.br/uploads/dadoshistoricos/2021.zip"", ""method"": ""agregação anual da estação automática mais próxima ao centróide municipal; sem imputação"", ""verified"": true}","{""organization"": ""IBGE"", ""dataset"": ""Malha Municipal Digital"", ""version"": ""2025"", ""retrieved_at"": ""2026-09-30"", ""reference_url"": ""https://www.ibge.gov.br/geociencias/organizacao-do-territorio/estrutura-territorial/15774-malhas"", ""method"": ""código municipal oficial e geometria SIRGAS 2000"", ""verified"": true}"
2610004,2021,6.2,24.377565000778453,255.8,PALMARES,"{""organization"": ""DATASUS"", ""dataset"": ""esquistossomose"", ""version"": ""2021"", ""retrieved_at"": ""2026-09-30"", ""reference_url"": ""https://datasus.saude.gov.br/informacoes-de-saude-tabnet/"", ""method"": ""município-ano; arquivo TABNET da plataforma"", ""verified"": true}","{""organization"": ""INMET"", ""dataset"": ""Dados Históricos Anuais - estações automáticas"", ""version"": ""2021"", ""retrieved_at"": ""2026-09-30"", ""reference_url"": ""https://portal.inmet.gov.br/uploads/dadoshistoricos/2021.zip"", ""method"": ""agregação anual da estação automática mais próxima ao centróide municipal; sem imputação"", ""verified"": true}","{""organization"": ""IBGE"", ""dataset"": ""Malha Municipal Digital"", ""version"": ""2025"", ""retrieved_at"": ""2026-09-30"", ""reference_url"": ""https://www.ibge.gov.br/geociencias/organizacao-do-territorio/estrutura-territorial/15774-malhas"", ""method"": ""código municipal oficial e geometria SIRGAS 2000"", ""verified"": true}"
2610707,2021,1.58,25.736551450139057,2233.4,RECIFE,"{""organization"": ""DATASUS"", ""dataset"": ""esquistossomose"", ""version"": ""2021"", ""retrieved_at"": ""2026-09-30"", ""reference_url"": ""https://datasus.saude.gov.br/informacoes-de-saude-tabnet/"", ""method"": ""município-ano; arquivo TABNET da plataforma"", ""verified"": true}","{""organization"": ""INMET"", ""dataset"": ""Dados Históricos Anuais - estações automáticas"", ""version"": ""2021"", ""retrieved_at"": ""2026-09-30"", ""reference_url"": ""https://portal.inmet.gov.br/uploads/dadoshistoricos/2021.zip"", ""method"": ""agregação anual da estação automática mais próxima ao centróide municipal; sem imputação"", ""verified"": true}","{""organization"": ""IBGE"", ""dataset"": ""Malha Municipal Digital"", ""version"": ""2025"", ""retrieved_at"": ""2026-09-30"", ""reference_url"": ""https://www.ibge.gov.br/geociencias/organizacao-do-territorio/estrutura-territorial/15774-malhas"", ""method"": ""código municipal oficial e geometria SIRGAS 2000"", ""verified"": true}"
2611408,2021,17.11,24.377565000778453,255.8,PALMARES,"{""organization"": ""DATASUS"", ""dataset"": ""esquistossomose"", ""version"": ""2021"", ""retrieved_at"": ""2026-09-30"", ""reference_url"": ""https://datasus.saude.gov.br/informacoes-de-saude-tabnet/"", ""method"": ""município-ano; arquivo TABNET da plataforma"", ""verified"": true}","{""organization"": ""INMET"", ""dataset"": ""Dados Históricos Anuais - estações automáticas"", ""version"": ""2021"", ""retrieved_at"": ""2026-09-30"", ""reference_url"": ""https://portal.inmet.gov.br/uploads/dadoshistoricos/2021.zip"", ""method"": ""agregação anual da estação automática mais próxima ao centróide municipal; sem imputação"", ""verified"": true}","{""organization"": ""IBGE"", ""dataset"": ""Malha Municipal Digital"", ""version"": ""2025"", ""retrieved_at"": ""2026-09-30"", ""reference_url"": ""https://www.ibge.gov.br/geociencias/organizacao-do-territorio/estrutura-territorial/15774-malhas"", ""method"": ""código municipal oficial e geometria SIRGAS 2000"", ""verified"": true}"
2611507,2021,3.75,21.00536997126437,818.8,GARANHUNS,"{""organization"": ""DATASUS"", ""dataset"": ""esquistossomose"", ""version"": ""2021"", ""retrieved_at"": ""2026-09-30"", ""reference_url"": ""https://datasus.saude.gov.br/informacoes-de-saude-tabnet/"", ""method"": ""município-ano; arquivo TABNET da plataforma"", ""verified"": true}","{""organization"": ""INMET"", ""dataset"": ""Dados Históricos Anuais - estações automáticas"", ""version"": ""2021"", ""retrieved_at"": ""2026-09-30"", ""reference_url"": ""https://portal.inmet.gov.br/uploads/dadoshistoricos/2021.zip"", ""method"": ""agregação anual da estação automática mais próxima ao centróide municipal; sem imputação"", ""verified"": true}","{""organization"": ""IBGE"", ""dataset"": ""Malha Municipal Digital"", ""version"": ""2025"", ""retrieved_at"": ""2026-09-30"", ""reference_url"": ""https://www.ibge.gov.br/geociencias/organizacao-do-territorio/estrutura-territorial/15774-malhas"", ""method"": ""código municipal oficial e geometria SIRGAS 2000"", ""verified"": true}"
2611804,2021,1.35,24.377565000778453,255.8,PALMARES,"{""organization"": ""DATASUS"", ""dataset"": ""esquistossomose"", ""version"": ""2021"", ""retrieved_at"": ""2026-09-30"", ""reference_url"": ""https://datasus.saude.gov.br/informacoes-de-saude-tabnet/"", ""method"": ""município-ano; arquivo TABNET da plataforma"", ""verified"": true}","{""organization"": ""INMET"", ""dataset"": ""Dados Históricos Anuais - estações automáticas"", ""version"": ""2021"", ""retrieved_at"": ""2026-09-30"", ""reference_url"": ""https://portal.inmet.gov.br/uploads/dadoshistoricos/2021.zip"", ""method"": ""agregação anual da estação automática mais próxima ao centróide municipal; sem imputação"", ""verified"": true}","{""organization"": ""IBGE"", ""dataset"": ""Malha Municipal Digital"", ""version"": ""2025"", ""retrieved_at"": ""2026-09-30"", ""reference_url"": ""https://www.ibge.gov.br/geociencias/organizacao-do-territorio/estrutura-territorial/15774-malhas"", ""method"": ""código municipal oficial e geometria SIRGAS 2000"", ""verified"": true}"
2611903,2021,2.73,24.377565000778453,255.8,PALMARES,"{""organization"": ""DATASUS"", ""dataset"": ""esquistossomose"", ""version"": ""2021"", ""retrieved_at"": ""2026-09-30"", ""reference_url"": ""https://datasus.saude.gov.br/informacoes-de-saude-tabnet/"", ""method"": ""município-ano; arquivo TABNET da plataforma"", ""verified"": true}","{""organization"": ""INMET"", ""dataset"": ""Dados Históricos Anuais - estações automáticas"", ""version"": ""2021"", ""retrieved_at"": ""2026-09-30"", ""reference_url"": ""https://portal.inmet.gov.br/uploads/dadoshistoricos/2021.zip"", ""method"": ""agregação anual da estação automática mais próxima ao centróide municipal; sem imputação"", ""verified"": true}","{""organization"": ""IBGE"", ""dataset"": ""Malha Municipal Digital"", ""version"": ""2025"", ""retrieved_at"": ""2026-09-30"", ""reference_url"": ""https://www.ibge.gov.br/geociencias/organizacao-do-territorio/estrutura-territorial/15774-malhas"", ""method"": ""código municipal oficial e geometria SIRGAS 2000"", ""verified"": true}"
2612109,2021,0.34,27.41503410641201,147.20000000000002,SURUBIM,"{""organization"": ""DATASUS"", ""dataset"": ""esquistossomose"", ""version"": ""2021"", ""retrieved_at"": ""2026-09-30"", ""reference_url"": ""https://datasus.saude.gov.br/informacoes-de-saude-tabnet/"", ""method"": ""município-ano; arquivo TABNET da plataforma"", ""verified"": true}","{""organization"": ""INMET"", ""dataset"": ""Dados Históricos Anuais - estações automáticas"", ""version"": ""2021"", ""retrieved_at"": ""2026-09-30"", ""reference_url"": ""https://portal.inmet.gov.br/uploads/dadoshistoricos/2021.zip"", ""method"": ""agregação anual da estação automática mais próxima ao centróide municipal; sem imputação"", ""verified"": true}","{""organization"": ""IBGE"", ""dataset"": ""Malha Municipal Digital"", ""version"": ""2025"", ""retrieved_at"": ""2026-09-30"", ""reference_url"": ""https://www.ibge.gov.br/geociencias/organizacao-do-territorio/estrutura-territorial/15774-malhas"", ""method"": ""código municipal oficial e geometria SIRGAS 2000"", ""verified"": true}"
2612505,2021,1.08,27.41503410641201,147.20000000000002,SURUBIM,"{""organization"": ""DATASUS"", ""dataset"": ""esquistossomose"", ""version"": ""2021"", ""retrieved_at"": ""2026-09-30"", ""reference_url"": ""https://datasus.saude.gov.br/informacoes-de-saude-tabnet/"", ""method"": ""município-ano; arquivo TABNET da plataforma"", ""verified"": true}","{""organization"": ""INMET"", ""dataset"": ""Dados Históricos Anuais - estações automáticas"", ""version"": ""2021"", ""retrieved_at"": ""2026-09-30"", ""reference_url"": ""https://portal.inmet.gov.br/uploads/dadoshistoricos/2021.zip"", ""method"": ""agregação anual da estação automática mais próxima ao centróide municipal; sem imputação"", ""verified"": true}","{""organization"": ""IBGE"", ""dataset"": ""Malha Municipal Digital"", ""version"": ""2025"", ""retrieved_at"": ""2026-09-30"", ""reference_url"": ""https://www.ibge.gov.br/geociencias/organizacao-do-territorio/estrutura-territorial/15774-malhas"", ""method"": ""código municipal oficial e geometria SIRGAS 2000"", ""verified"": true}"
2612901,2021,0.83,24.377565000778453,255.8,PALMARES,"{""organization"": ""DATASUS"", ""dataset"": ""esquistossomose"", ""version"": ""2021"", ""retrieved_at"": ""2026-09-30"", ""reference_url"": ""https://datasus.saude.gov.br/informacoes-de-saude-tabnet/"", ""method"": ""município-ano; arquivo TABNET da plataforma"", ""verified"": true}","{""organization"": ""INMET"", ""dataset"": ""Dados Históricos Anuais - estações automáticas"", ""version"": ""2021"", ""retrieved_at"": ""2026-09-30"", ""reference_url"": ""https://portal.inmet.gov.br/uploads/dadoshistoricos/2021.zip"", ""method"": ""agregação anual da estação automática mais próxima ao centróide municipal; sem imputação"", ""verified"": true}","{""organization"": ""IBGE"", ""dataset"": ""Malha Municipal Digital"", ""version"": ""2025"", ""retrieved_at"": ""2026-09-30"", ""reference_url"": ""https://www.ibge.gov.br/geociencias/organizacao-do-territorio/estrutura-territorial/15774-malhas"", ""method"": ""código municipal oficial e geometria SIRGAS 2000"", ""verified"": true}"
2613206,2021,1.04,21.00536997126437,818.8,GARANHUNS,"{""organization"": ""DATASUS"", ""dataset"": ""esquistossomose"", ""version"": ""2021"", ""retrieved_at"": ""2026-09-30"", ""reference_url"": ""https://datasus.saude.gov.br/informacoes-de-saude-tabnet/"", ""method"": ""município-ano; arquivo TABNET da plataforma"", ""verified"": true}","{""organization"": ""INMET"", ""dataset"": ""Dados Históricos Anuais - estações automáticas"", ""version"": ""2021"", ""retrieved_at"": ""2026-09-30"", ""reference_url"": ""https://portal.inmet.gov.br/uploads/dadoshistoricos/2021.zip"", ""method"": ""agregação anual da estação automática mais próxima ao centróide municipal; sem imputação"", ""verified"": true}","{""organization"": ""IBGE"", ""dataset"": ""Malha Municipal Digital"", ""version"": ""2025"", ""retrieved_at"": ""2026-09-30"", ""reference_url"": ""https://www.ibge.gov.br/geociencias/organizacao-do-territorio/estrutura-territorial/15774-malhas"", ""method"": ""código municipal oficial e geometria SIRGAS 2000"", ""verified"": true}"
2613305,2021,0.25,21.707035175879398,12.4,CARUARU,"{""organization"": ""DATASUS"", ""dataset"": ""esquistossomose"", ""version"": ""2021"", ""retrieved_at"": ""2026-09-30"", ""reference_url"": ""https://datasus.saude.gov.br/informacoes-de-saude-tabnet/"", ""method"": ""município-ano; arquivo TABNET da plataforma"", ""verified"": true}","{""organization"": ""INMET"", ""dataset"": ""Dados Históricos Anuais - estações automáticas"", ""version"": ""2021"", ""retrieved_at"": ""2026-09-30"", ""reference_url"": ""https://portal.inmet.gov.br/uploads/dadoshistoricos/2021.zip"", ""method"": ""agregação anual da estação automática mais próxima ao centróide municipal; sem imputação"", ""verified"": true}","{""organization"": ""IBGE"", ""dataset"": ""Malha Municipal Digital"", ""version"": ""2025"", ""retrieved_at"": ""2026-09-30"", ""reference_url"": ""https://www.ibge.gov.br/geociencias/organizacao-do-territorio/estrutura-territorial/15774-malhas"", ""method"": ""código municipal oficial e geometria SIRGAS 2000"", ""verified"": true}"
2613404,2021,0.69,24.377565000778453,255.8,PALMARES,"{""organization"": ""DATASUS"", ""dataset"": ""esquistossomose"", ""version"": ""2021"", ""retrieved_at"": ""2026-09-30"", ""reference_url"": ""https://datasus.saude.gov.br/informacoes-de-saude-tabnet/"", ""method"": ""município-ano; arquivo TABNET da plataforma"", ""verified"": true}","{""organization"": ""INMET"", ""dataset"": ""Dados Históricos Anuais - estações automáticas"", ""version"": ""2021"", ""retrieved_at"": ""2026-09-30"", ""reference_url"": ""https://portal.inmet.gov.br/uploads/dadoshistoricos/2021.zip"", ""method"": ""agregação anual da estação automática mais próxima ao centróide municipal; sem imputação"", ""verified"": true}","{""organization"": ""IBGE"", ""dataset"": ""Malha Municipal Digital"", ""version"": ""2025"", ""retrieved_at"": ""2026-09-30"", ""reference_url"": ""https://www.ibge.gov.br/geociencias/organizacao-do-territorio/estrutura-territorial/15774-malhas"", ""method"": ""código municipal oficial e geometria SIRGAS 2000"", ""verified"": true}"
2613701,2021,3.44,25.736551450139057,2233.4,RECIFE,"{""organization"": ""DATASUS"", ""dataset"": ""esquistossomose"", ""version"": ""2021"", ""retrieved_at"": ""2026-09-30"", ""reference_url"": ""https://datasus.saude.gov.br/informacoes-de-saude-tabnet/"", ""method"": ""município-ano; arquivo TABNET da plataforma"", ""verified"": true}","{""organization"": ""INMET"", ""dataset"": ""Dados Históricos Anuais - estações automáticas"", ""version"": ""2021"", ""retrieved_at"": ""2026-09-30"", ""reference_url"": ""https://portal.inmet.gov.br/uploads/dadoshistoricos/2021.zip"", ""method"": ""agregação anual da estação automática mais próxima ao centróide municipal; sem imputação"", ""verified"": true}","{""organization"": ""IBGE"", ""dataset"": ""Malha Municipal Digital"", ""version"": ""2025"", ""retrieved_at"": ""2026-09-30"", ""reference_url"": ""https://www.ibge.gov.br/geociencias/organizacao-do-territorio/estrutura-territorial/15774-malhas"", ""method"": ""código municipal oficial e geometria SIRGAS 2000"", ""verified"": true}"
2613800,2021,5.55,27.41503410641201,147.20000000000002,SURUBIM,"{""organization"": ""DATASUS"", ""dataset"": ""esquistossomose"", ""version"": ""2021"", ""retrieved_at"": ""2026-09-30"", ""reference_url"": ""https://datasus.saude.gov.br/informacoes-de-saude-tabnet/"", ""method"": ""município-ano; arquivo TABNET da plataforma"", ""verified"": true}","{""organization"": ""INMET"", ""dataset"": ""Dados Históricos Anuais - estações automáticas"", ""version"": ""2021"", ""retrieved_at"": ""2026-09-30"", ""reference_url"": ""https://portal.inmet.gov.br/uploads/dadoshistoricos/2021.zip"", ""method"": ""agregação anual da estação automática mais próxima ao centróide municipal; sem imputação"", ""verified"": true}","{""organization"": ""IBGE"", ""dataset"": ""Malha Municipal Digital"", ""version"": ""2025"", ""retrieved_at"": ""2026-09-30"", ""reference_url"": ""https://www.ibge.gov.br/geociencias/organizacao-do-territorio/estrutura-territorial/15774-malhas"", ""method"": ""código municipal oficial e geometria SIRGAS 2000"", ""verified"": true}"
2614501,2021,0.29,27.41503410641201,147.20000000000002,SURUBIM,"{""organization"": ""DATASUS"", ""dataset"": ""esquistossomose"", ""version"": ""2021"", ""retrieved_at"": ""2026-09-30"", ""reference_url"": ""https://datasus.saude.gov.br/informacoes-de-saude-tabnet/"", ""method"": ""município-ano; arquivo TABNET da plataforma"", ""verified"": true}","{""organization"": ""INMET"", ""dataset"": ""Dados Históricos Anuais - estações automáticas"", ""version"": ""2021"", ""retrieved_at"": ""2026-09-30"", ""reference_url"": ""https://portal.inmet.gov.br/uploads/dadoshistoricos/2021.zip"", ""method"": ""agregação anual da estação automática mais próxima ao centróide municipal; sem imputação"", ""verified"": true}","{""organization"": ""IBGE"", ""dataset"": ""Malha Municipal Digital"", ""version"": ""2025"", ""retrieved_at"": ""2026-09-30"", ""reference_url"": ""https://www.ibge.gov.br/geociencias/organizacao-do-territorio/estrutura-territorial/15774-malhas"", ""method"": ""código municipal oficial e geometria SIRGAS 2000"", ""verified"": true}"
2614857,2021,11.63,24.377565000778453,255.8,PALMARES,"{""organization"": ""DATASUS"", ""dataset"": ""esquistossomose"", ""version"": ""2021"", ""retrieved_at"": ""2026-09-30"", ""reference_url"": ""https://datasus.saude.gov.br/informacoes-de-saude-tabnet/"", ""method"": ""município-ano; arquivo TABNET da plataforma"", ""verified"": true}","{""organization"": ""INMET"", ""dataset"": ""Dados Históricos Anuais - estações automáticas"", ""version"": ""2021"", ""retrieved_at"": ""2026-09-30"", ""reference_url"": ""https://portal.inmet.gov.br/uploads/dadoshistoricos/2021.zip"", ""method"": ""agregação anual da estação automática mais próxima ao centróide municipal; sem imputação"", ""verified"": true}","{""organization"": ""IBGE"", ""dataset"": ""Malha Municipal Digital"", ""version"": ""2025"", ""retrieved_at"": ""2026-09-30"", ""reference_url"": ""https://www.ibge.gov.br/geociencias/organizacao-do-territorio/estrutura-territorial/15774-malhas"", ""method"": ""código municipal oficial e geometria SIRGAS 2000"", ""verified"": true}"
2615102,2021,0.13,21.00536997126437,818.8,GARANHUNS,"{""organization"": ""DATASUS"", ""dataset"": ""esquistossomose"", ""version"": ""2021"", ""retrieved_at"": ""2026-09-30"", ""reference_url"": ""https://datasus.saude.gov.br/informacoes-de-saude-tabnet/"", ""method"": ""município-ano; arquivo TABNET da plataforma"", ""verified"": true}","{""organization"": ""INMET"", ""dataset"": ""Dados Históricos Anuais - estações automáticas"", ""version"": ""2021"", ""retrieved_at"": ""2026-09-30"", ""reference_url"": ""https://portal.inmet.gov.br/uploads/dadoshistoricos/2021.zip"", ""method"": ""agregação anual da estação automática mais próxima ao centróide municipal; sem imputação"", ""verified"": true}","{""organization"": ""IBGE"", ""dataset"": ""Malha Municipal Digital"", ""version"": ""2025"", ""retrieved_at"": ""2026-09-30"", ""reference_url"": ""https://www.ibge.gov.br/geociencias/organizacao-do-territorio/estrutura-territorial/15774-malhas"", ""method"": ""código municipal oficial e geometria SIRGAS 2000"", ""verified"": true}"
2615300,2021,4.02,27.41503410641201,147.20000000000002,SURUBIM,"{""organization"": ""DATASUS"", ""dataset"": ""esquistossomose"", ""version"": ""2021"", ""retrieved_at"": ""2026-09-30"", ""reference_url"": ""https://datasus.saude.gov.br/informacoes-de-saude-tabnet/"", ""method"": ""município-ano; arquivo TABNET da plataforma"", ""verified"": true}","{""organization"": ""INMET"", ""dataset"": ""Dados Históricos Anuais - estações automáticas"", ""version"": ""2021"", ""retrieved_at"": ""2026-09-30"", ""reference_url"": ""https://portal.inmet.gov.br/uploads/dadoshistoricos/2021.zip"", ""method"": ""agregação anual da estação automática mais próxima ao centróide municipal; sem imputação"", ""verified"": true}","{""organization"": ""IBGE"", ""dataset"": ""Malha Municipal Digital"", ""version"": ""2025"", ""retrieved_at"": ""2026-09-30"", ""reference_url"": ""https://www.ibge.gov.br/geociencias/organizacao-do-territorio/estrutura-territorial/15774-malhas"", ""method"": ""código municipal oficial e geometria SIRGAS 2000"", ""verified"": true}"
2616209,2021,0.52,27.41503410641201,147.20000000000002,SURUBIM,"{""organization"": ""DATASUS"", ""dataset"": ""esquistossomose"", ""version"": ""2021"", ""retrieved_at"": ""2026-09-30"", ""reference_url"": ""https://datasus.saude.gov.br/informacoes-de-saude-tabnet/"", ""method"": ""município-ano; arquivo TABNET da plataforma"", ""verified"": true}","{""organization"": ""INMET"", ""dataset"": ""Dados Históricos Anuais - estações automáticas"", ""version"": ""2021"", ""retrieved_at"": ""2026-09-30"", ""reference_url"": ""https://portal.inmet.gov.br/uploads/dadoshistoricos/2021.zip"", ""method"": ""agregação anual da estação automática mais próxima ao centróide municipal; sem imputação"", ""verified"": true}","{""organization"": ""IBGE"", ""dataset"": ""Malha Municipal Digital"", ""version"": ""2025"", ""retrieved_at"": ""2026-09-30"", ""reference_url"": ""https://www.ibge.gov.br/geociencias/organizacao-do-territorio/estrutura-territorial/15774-malhas"", ""method"": ""código municipal oficial e geometria SIRGAS 2000"", ""verified"": true}"
2616308,2021,1.18,27.41503410641201,147.20000000000002,SURUBIM,"{""organization"": ""DATASUS"", ""dataset"": ""esquistossomose"", ""version"": ""2021"", ""retrieved_at"": ""2026-09-30"", ""reference_url"": ""https://datasus.saude.gov.br/informacoes-de-saude-tabnet/"", ""method"": ""município-ano; arquivo TABNET da plataforma"", ""verified"": true}","{""organization"": ""INMET"", ""dataset"": ""Dados Históricos Anuais - estações automáticas"", ""version"": ""2021"", ""retrieved_at"": ""2026-09-30"", ""reference_url"": ""https://portal.inmet.gov.br/uploads/dadoshistoricos/2021.zip"", ""method"": ""agregação anual da estação automática mais próxima ao centróide municipal; sem imputação"", ""verified"": true}","{""organization"": ""IBGE"", ""dataset"": ""Malha Municipal Digital"", ""version"": ""2025"", ""retrieved_at"": ""2026-09-30"", ""reference_url"": ""https://www.ibge.gov.br/geociencias/organizacao-do-territorio/estrutura-territorial/15774-malhas"", ""method"": ""código municipal oficial e geometria SIRGAS 2000"", ""verified"": true}"
2616407,2021,2.83,25.736551450139057,2233.4,RECIFE,"{""organization"": ""DATASUS"", ""dataset"": ""esquistossomose"", ""version"": ""2021"", ""retrieved_at"": ""2026-09-30"", ""reference_url"": ""https://datasus.saude.gov.br/informacoes-de-saude-tabnet/"", ""method"": ""município-ano; arquivo TABNET da plataforma"", ""verified"": true}","{""organization"": ""INMET"", ""dataset"": ""Dados Históricos Anuais - estações automáticas"", ""version"": ""2021"", ""retrieved_at"": ""2026-09-30"", ""reference_url"": ""https://portal.inmet.gov.br/uploads/dadoshistoricos/2021.zip"", ""method"": ""agregação anual da estação automática mais próxima ao centróide municipal; sem imputação"", ""verified"": true}","{""organization"": ""IBGE"", ""dataset"": ""Malha Municipal Digital"", ""version"": ""2025"", ""retrieved_at"": ""2026-09-30"", ""reference_url"": ""https://www.ibge.gov.br/geociencias/organizacao-do-territorio/estrutura-territorial/15774-malhas"", ""method"": ""código municipal oficial e geometria SIRGAS 2000"", ""verified"": true}"
